Year,WeekOfYear,Product_ID,Store_ID,Category,Region,Sales_Quantity,Inventory_Level,Price,Cost,Week_Start,Sales_Lag_1,Sales_Lag_2,Sales_Lag_3,Sales_Lag_4,Sales_Rolling_2,Sales_Rolling_4,Sales_Rolling_8,Inventory_Turnover,Gross_Margin
2023,45,P007,S03,Home Goods,East,76,13.0,54.37,32.62,2023-11-06,105.0,103.0,87.0,85.0,104.0,95.0,79.0,5.846153846153846,1653.0
2023,45,P002,S03,Home Goods,East,23,2.5714285714285716,17.62,10.570000000000002,2023-11-06,52.0,42.0,48.0,25.0,47.0,41.75,38.375,8.944444444444445,162.14999999999998
2023,45,P001,S05,Clothing,Central,29,9.0,17.76,10.66,2023-11-06,38.0,53.0,39.0,31.0,45.5,40.25,43.125,3.2222222222222223,205.90000000000003
2023,45,P007,S01,Home Goods,North,54,15.0,54.37,32.62,2023-11-06,25.0,17.0,20.0,34.0,21.0,24.0,32.25,3.6,1174.5
2023,45,P002,S05,Home Goods,Central,63,3.2857142857142856,17.62,10.570000000000002,2023-11-06,54.0,72.0,58.0,32.0,63.0,54.0,43.75,19.17391304347826,444.1499999999999
2023,45,P002,S04,Home Goods,West,43,11.428571428571429,17.62,10.570000000000002,2023-11-06,26.0,42.0,48.0,20.0,34.0,34.0,45.0,3.7624999999999997,303.15
2023,45,P010,S03,Electronics,East,102,14.285714285714286,61.28000000000001,36.77,2023-11-06,97.0,143.0,77.0,111.0,120.0,107.0,104.0,7.14,2500.0200000000004
2023,45,P010,S04,Electronics,West,101,16.142857142857142,61.28000000000001,36.77,2023-11-06,139.0,102.0,144.0,108.0,120.5,123.25,118.25,6.2566371681415935,2475.5100000000007
2023,45,P003,S02,Food,South,30,15.428571428571429,34.15,20.49,2023-11-06,28.0,52.0,23.0,18.0,40.0,30.25,31.5,1.9444444444444444,409.8
2023,45,P007,S05,Home Goods,Central,112,29.0,54.37,32.62,2023-11-06,158.0,146.0,154.0,107.0,152.0,141.25,118.625,3.8620689655172415,2436.0
2023,45,P004,S01,Toys,North,28,8.857142857142858,27.59,16.56,2023-11-06,22.0,22.0,36.0,35.0,22.0,28.75,32.375,3.161290322580645,308.84000000000003
2023,45,P006,S02,Clothing,South,69,18.571428571428573,40.8,24.48,2023-11-06,65.0,59.0,83.0,30.0,62.0,59.25,55.375,3.715384615384615,1126.0799999999997
2023,45,P010,S02,Electronics,South,103,25.857142857142858,61.28000000000001,36.77,2023-11-06,81.0,39.0,41.0,26.0,60.0,46.75,60.0,3.983425414364641,2524.5300000000007
2023,45,P003,S05,Food,Central,68,28.714285714285715,34.15,20.49,2023-11-06,53.0,64.0,41.0,54.0,58.5,53.0,56.875,2.3681592039800994,928.88
2023,45,P003,S04,Food,West,49,7.714285714285714,34.15,20.49,2023-11-06,21.0,89.0,70.0,56.0,55.0,59.0,49.125,6.351851851851852,669.34
2023,45,P006,S04,Clothing,West,85,18.571428571428573,40.8,24.48,2023-11-06,142.0,88.0,64.0,58.0,115.0,88.0,81.875,4.576923076923077,1387.1999999999998
2023,45,P004,S02,Toys,South,64,19.428571428571427,27.59,16.56,2023-11-06,35.0,68.0,44.0,25.0,51.5,43.0,50.5,3.294117647058824,705.9200000000001
2023,45,P007,S02,Home Goods,South,81,21.714285714285715,54.37,32.62,2023-11-06,79.0,63.0,54.0,30.0,71.0,56.5,53.625,3.7302631578947367,1761.75
2023,45,P005,S04,Electronics,West,91,9.285714285714286,30.26,18.15,2023-11-06,85.0,77.0,62.0,111.0,81.0,83.75,80.5,9.799999999999999,1102.0100000000002
2023,45,P008,S04,Food,West,129,20.571428571428573,46.58,27.95,2023-11-06,73.0,83.0,73.0,84.0,78.0,78.25,90.5,6.270833333333333,2403.27
2023,45,P005,S05,Electronics,Central,93,9.0,30.26,18.15,2023-11-06,127.0,71.0,86.0,41.0,99.0,81.25,75.0,10.333333333333334,1126.2300000000002
2023,45,P009,S01,Toys,North,49,24.571428571428573,54.089999999999996,32.46,2023-11-06,44.0,31.0,46.0,21.0,37.5,35.5,29.125,1.9941860465116277,1059.87
2023,45,P005,S02,Electronics,South,64,18.142857142857142,30.26,18.15,2023-11-06,53.0,38.0,75.0,36.0,45.5,50.5,44.125,3.52755905511811,775.0400000000002
2023,45,P002,S02,Home Goods,South,32,25.714285714285715,17.62,10.570000000000002,2023-11-06,51.0,12.0,16.0,33.0,31.5,28.0,25.375,1.2444444444444445,225.59999999999997
2023,45,P009,S02,Toys,South,31,8.857142857142858,54.089999999999996,32.46,2023-11-06,59.0,53.0,82.0,95.0,56.0,72.25,68.875,3.5,670.5299999999999
2023,45,P003,S03,Food,East,99,20.142857142857142,34.15,20.49,2023-11-06,54.0,44.0,42.0,42.0,49.0,45.5,48.875,4.914893617021277,1352.34
2023,45,P001,S03,Clothing,East,4,3.5714285714285716,17.76,10.66,2023-11-06,28.0,24.0,7.0,26.0,26.0,21.25,21.875,1.1199999999999999,28.400000000000006
2023,45,P009,S03,Toys,East,111,31.285714285714285,54.089999999999996,32.46,2023-11-06,88.0,80.0,83.0,106.0,84.0,89.25,86.375,3.547945205479452,2400.9299999999994
2023,45,P005,S03,Electronics,East,54,15.285714285714286,30.26,18.15,2023-11-06,33.0,44.0,69.0,84.0,38.5,57.5,56.0,3.5327102803738315,653.9400000000002
2023,45,P006,S03,Clothing,East,60,22.0,40.8,24.48,2023-11-06,68.0,60.0,84.0,56.0,64.0,67.0,60.0,2.727272727272727,979.1999999999998
2023,45,P004,S03,Toys,East,85,12.857142857142858,27.59,16.56,2023-11-06,62.0,33.0,51.0,68.0,47.5,53.5,43.25,6.611111111111111,937.5500000000001
2023,45,P008,S05,Food,Central,148,27.142857142857142,46.58,27.95,2023-11-06,117.0,129.0,58.0,79.0,123.0,95.75,115.0,5.4526315789473685,2757.24
2023,45,P009,S04,Toys,West,183,60.714285714285715,54.089999999999996,32.46,2023-11-06,167.0,117.0,123.0,112.0,142.0,129.75,111.75,3.0141176470588236,3958.289999999999
2023,45,P007,S04,Home Goods,West,78,17.142857142857142,54.37,32.62,2023-11-06,77.0,60.0,52.0,108.0,68.5,74.25,85.375,4.55,1696.5
2023,45,P002,S01,Home Goods,North,35,12.142857142857142,17.62,10.570000000000002,2023-11-06,37.0,41.0,31.0,13.0,39.0,30.5,34.75,2.8823529411764706,246.74999999999997
2023,45,P010,S01,Electronics,North,51,21.428571428571427,61.28000000000001,36.77,2023-11-06,56.0,45.0,29.0,33.0,50.5,40.75,46.25,2.3800000000000003,1250.0100000000002
2023,45,P006,S05,Clothing,Central,148,30.571428571428573,40.8,24.48,2023-11-06,133.0,75.0,46.0,79.0,104.0,83.25,95.0,4.841121495327102,2415.3599999999997
2023,45,P008,S01,Food,North,65,17.285714285714285,46.58,27.95,2023-11-06,64.0,20.0,56.0,23.0,42.0,40.75,41.0,3.760330578512397,1210.95
2023,45,P001,S04,Clothing,West,17,12.428571428571429,17.76,10.66,2023-11-06,47.0,24.0,66.0,36.0,35.5,43.25,35.375,1.367816091954023,120.70000000000002
2023,45,P006,S01,Clothing,North,88,25.714285714285715,40.8,24.48,2023-11-06,31.0,45.0,14.0,22.0,38.0,28.0,38.0,3.422222222222222,1436.1599999999996
2023,45,P005,S01,Electronics,North,22,12.857142857142858,30.26,18.15,2023-11-06,65.0,6.0,63.0,42.0,35.5,44.0,37.875,1.711111111111111,266.4200000000001
2023,45,P008,S03,Food,East,86,20.142857142857142,46.58,27.95,2023-11-06,115.0,114.0,73.0,105.0,114.5,101.75,88.5,4.2695035460992905,1602.1799999999998
2023,45,P001,S01,Clothing,North,16,10.285714285714286,17.76,10.66,2023-11-06,3.0,52.0,15.0,62.0,27.5,33.0,28.0,1.5555555555555554,113.60000000000002
2023,45,P008,S02,Food,South,36,15.428571428571429,46.58,27.95,2023-11-06,59.0,54.0,33.0,31.0,56.5,44.25,47.375,2.3333333333333335,670.68
2023,45,P003,S01,Food,North,38,15.142857142857142,34.15,20.49,2023-11-06,37.0,14.0,9.0,40.0,25.5,25.0,28.5,2.509433962264151,519.08
2023,45,P004,S05,Toys,Central,60,15.142857142857142,27.59,16.56,2023-11-06,59.0,87.0,75.0,109.0,73.0,82.5,83.625,3.9622641509433962,661.8000000000001
2023,45,P004,S04,Toys,West,49,16.0,27.59,16.56,2023-11-06,38.0,101.0,67.0,35.0,69.5,60.25,63.75,3.0625,540.47
2023,45,P010,S05,Electronics,Central,161,34.285714285714285,61.28000000000001,36.77,2023-11-06,170.0,191.0,174.0,138.0,180.5,168.25,169.125,4.695833333333334,3946.110000000001
2023,45,P001,S02,Clothing,South,37,21.0,17.76,10.66,2023-11-06,86.0,39.0,26.0,30.0,62.5,45.25,30.125,1.7619047619047619,262.70000000000005
2023,45,P009,S05,Toys,Central,159,39.42857142857143,54.089999999999996,32.46,2023-11-06,202.0,142.0,151.0,103.0,172.0,149.5,140.25,4.032608695652174,3439.169999999999
2023,46,P003,S01,Food,North,71,19.285714285714285,34.15,20.49,2023-11-13,38.0,37.0,14.0,9.0,37.5,24.5,25.375,3.6814814814814816,969.86
2023,46,P007,S02,Home Goods,South,52,20.571428571428573,54.37,32.62,2023-11-13,81.0,79.0,63.0,54.0,80.0,69.25,58.125,2.5277777777777777,1131.0
2023,46,P009,S01,Toys,North,63,23.0,54.089999999999996,32.46,2023-11-13,49.0,44.0,31.0,46.0,46.5,42.5,30.75,2.739130434782609,1362.6899999999996
2023,46,P004,S02,Toys,South,66,8.285714285714286,27.59,16.56,2023-11-13,64.0,35.0,68.0,44.0,49.5,52.75,50.375,7.96551724137931,727.98
2023,46,P005,S04,Electronics,West,84,7.571428571428571,30.26,18.15,2023-11-13,91.0,85.0,77.0,62.0,88.0,78.75,81.375,11.09433962264151,1017.2400000000002
2023,46,P003,S05,Food,Central,72,11.0,34.15,20.49,2023-11-13,68.0,53.0,64.0,41.0,60.5,56.5,56.75,6.545454545454546,983.52
2023,46,P004,S04,Toys,West,72,27.0,27.59,16.56,2023-11-13,49.0,38.0,101.0,67.0,43.5,63.75,59.125,2.6666666666666665,794.1600000000001
2023,46,P001,S03,Clothing,East,27,6.285714285714286,17.76,10.66,2023-11-13,4.0,28.0,24.0,7.0,16.0,15.75,20.0,4.295454545454546,191.70000000000005
2023,46,P003,S04,Food,West,80,17.571428571428573,34.15,20.49,2023-11-13,49.0,21.0,89.0,70.0,35.0,57.25,49.0,4.5528455284552845,1092.8
2023,46,P010,S02,Electronics,South,54,17.428571428571427,61.28000000000001,36.77,2023-11-13,103.0,81.0,39.0,41.0,92.0,66.0,66.125,3.098360655737705,1323.5400000000002
2023,46,P005,S01,Electronics,North,67,12.571428571428571,30.26,18.15,2023-11-13,22.0,65.0,6.0,63.0,43.5,39.0,34.5,5.329545454545455,811.3700000000002
2023,46,P005,S03,Electronics,East,67,13.857142857142858,30.26,18.15,2023-11-13,54.0,33.0,44.0,69.0,43.5,50.0,55.25,4.835051546391752,811.3700000000002
2023,46,P009,S02,Toys,South,78,17.0,54.089999999999996,32.46,2023-11-13,31.0,59.0,53.0,82.0,45.0,56.25,66.875,4.588235294117647,1687.1399999999996
2023,46,P008,S05,Food,Central,233,41.857142857142854,46.58,27.95,2023-11-13,148.0,117.0,129.0,58.0,132.5,113.0,121.0,5.566552901023891,4340.79
2023,46,P007,S03,Home Goods,East,99,32.57142857142857,54.37,32.62,2023-11-13,76.0,105.0,103.0,87.0,90.5,92.75,80.625,3.0394736842105265,2153.25
2023,46,P003,S03,Food,East,33,20.428571428571427,34.15,20.49,2023-11-13,99.0,54.0,44.0,42.0,76.5,59.75,58.375,1.6153846153846154,450.78000000000003
2023,46,P009,S05,Toys,Central,219,60.714285714285715,54.089999999999996,32.46,2023-11-13,159.0,202.0,142.0,151.0,180.5,163.5,144.625,3.6070588235294117,4736.969999999999
2023,46,P007,S05,Home Goods,Central,133,30.0,54.37,32.62,2023-11-13,112.0,158.0,146.0,154.0,135.0,142.5,121.0,4.433333333333334,2892.75
2023,46,P002,S05,Home Goods,Central,40,16.857142857142858,17.62,10.570000000000002,2023-11-13,63.0,54.0,72.0,58.0,58.5,61.75,47.875,2.3728813559322033,281.99999999999994
2023,46,P002,S03,Home Goods,East,40,15.714285714285714,17.62,10.570000000000002,2023-11-13,23.0,52.0,42.0,48.0,37.5,41.25,38.625,2.5454545454545454,281.99999999999994
2023,46,P008,S02,Food,South,64,24.571428571428573,46.58,27.95,2023-11-13,36.0,59.0,54.0,33.0,47.5,45.5,44.625,2.6046511627906974,1192.32
2023,46,P004,S01,Toys,North,53,11.571428571428571,27.59,16.56,2023-11-13,28.0,22.0,22.0,36.0,25.0,27.0,29.875,4.580246913580247,584.59
2023,46,P001,S05,Clothing,Central,43,24.0,17.76,10.66,2023-11-13,29.0,38.0,53.0,39.0,33.5,39.75,42.75,1.7916666666666667,305.30000000000007
2023,46,P006,S02,Clothing,South,53,18.571428571428573,40.8,24.48,2023-11-13,69.0,65.0,59.0,83.0,67.0,69.0,58.5,2.8538461538461535,864.9599999999998
2023,46,P005,S05,Electronics,Central,72,24.571428571428573,30.26,18.15,2023-11-13,93.0,127.0,71.0,86.0,110.0,94.25,75.875,2.9302325581395348,871.9200000000002
2023,46,P007,S04,Home Goods,West,139,24.714285714285715,54.37,32.62,2023-11-13,78.0,77.0,60.0,52.0,77.5,66.75,78.0,5.624277456647398,3023.25
2023,46,P010,S05,Electronics,Central,225,60.285714285714285,61.28000000000001,36.77,2023-11-13,161.0,170.0,191.0,174.0,165.5,174.0,167.5,3.7322274881516586,5514.750000000001
2023,46,P006,S05,Clothing,Central,138,31.142857142857142,40.8,24.48,2023-11-13,148.0,133.0,75.0,46.0,140.5,100.5,101.5,4.431192660550459,2252.1599999999994
2023,46,P006,S04,Clothing,West,87,16.571428571428573,40.8,24.48,2023-11-13,85.0,142.0,88.0,64.0,113.5,94.75,79.125,5.249999999999999,1419.8399999999997
2023,46,P010,S01,Electronics,North,14,13.571428571428571,61.28000000000001,36.77,2023-11-13,51.0,56.0,45.0,29.0,53.5,45.25,42.0,1.0315789473684212,343.1400000000001
2023,46,P006,S03,Clothing,East,98,17.714285714285715,40.8,24.48,2023-11-13,60.0,68.0,60.0,84.0,64.0,68.0,60.0,5.532258064516129,1599.3599999999997
2023,46,P003,S02,Food,South,23,8.0,34.15,20.49,2023-11-13,30.0,28.0,52.0,23.0,29.0,33.25,32.625,2.875,314.18
2023,46,P001,S02,Clothing,South,0,8.428571428571429,17.76,10.66,2023-11-13,37.0,86.0,39.0,26.0,61.5,47.0,34.375,0.0,0.0
2023,46,P004,S03,Toys,East,64,16.571428571428573,27.59,16.56,2023-11-13,85.0,62.0,33.0,51.0,73.5,57.75,51.375,3.862068965517241,705.9200000000001
2023,46,P008,S04,Food,West,109,17.714285714285715,46.58,27.95,2023-11-13,129.0,73.0,83.0,73.0,101.0,89.5,94.0,6.153225806451613,2030.6699999999998
2023,46,P009,S04,Toys,West,160,31.428571428571427,54.089999999999996,32.46,2023-11-13,183.0,167.0,117.0,123.0,175.0,147.5,120.625,5.090909090909091,3460.7999999999993
2023,46,P009,S03,Toys,East,109,14.0,54.089999999999996,32.46,2023-11-13,111.0,88.0,80.0,83.0,99.5,90.5,91.75,7.785714285714286,2357.6699999999996
2023,46,P006,S01,Clothing,North,8,3.4285714285714284,40.8,24.48,2023-11-13,88.0,31.0,45.0,14.0,59.5,44.5,43.125,2.3333333333333335,130.55999999999997
2023,46,P008,S03,Food,East,66,25.142857142857142,46.58,27.95,2023-11-13,86.0,115.0,114.0,73.0,100.5,97.0,88.125,2.625,1229.58
2023,46,P004,S05,Toys,Central,87,19.142857142857142,27.59,16.56,2023-11-13,60.0,59.0,87.0,75.0,59.5,70.25,79.375,4.544776119402985,959.6100000000001
2023,46,P002,S04,Home Goods,West,49,15.0,17.62,10.570000000000002,2023-11-13,43.0,26.0,42.0,48.0,34.5,39.75,47.75,3.2666666666666666,345.44999999999993
2023,46,P002,S01,Home Goods,North,7,2.5714285714285716,17.62,10.570000000000002,2023-11-13,35.0,37.0,41.0,31.0,36.0,36.0,31.625,2.722222222222222,49.349999999999994
2023,46,P010,S04,Electronics,West,177,35.0,61.28000000000001,36.77,2023-11-13,101.0,139.0,102.0,144.0,120.0,121.5,119.0,5.057142857142857,4338.270000000001
2023,46,P001,S04,Clothing,West,26,4.714285714285714,17.76,10.66,2023-11-13,17.0,47.0,24.0,66.0,32.0,38.5,34.5,5.515151515151515,184.60000000000002
2023,46,P008,S01,Food,North,51,6.857142857142857,46.58,27.95,2023-11-13,65.0,64.0,20.0,56.0,64.5,51.25,43.5,7.4375,950.13
2023,46,P002,S02,Home Goods,South,43,23.142857142857142,17.62,10.570000000000002,2023-11-13,32.0,51.0,12.0,16.0,41.5,27.75,28.125,1.8580246913580247,303.15
2023,46,P010,S03,Electronics,East,103,19.285714285714285,61.28000000000001,36.77,2023-11-13,102.0,97.0,143.0,77.0,99.5,104.75,106.0,5.340740740740741,2524.5300000000007
2023,46,P005,S02,Electronics,South,13,11.571428571428571,30.26,18.15,2023-11-13,64.0,53.0,38.0,75.0,58.5,57.5,49.0,1.123456790123457,157.43000000000004
2023,46,P007,S01,Home Goods,North,31,18.857142857142858,54.37,32.62,2023-11-13,54.0,25.0,17.0,20.0,39.5,29.0,36.875,1.6439393939393938,674.25
2023,46,P001,S01,Clothing,North,45,22.142857142857142,17.76,10.66,2023-11-13,16.0,3.0,52.0,15.0,9.5,21.5,26.125,2.032258064516129,319.50000000000006
2023,47,P002,S04,Home Goods,West,40,10.714285714285714,17.62,10.570000000000002,2023-11-20,49.0,43.0,26.0,42.0,46.0,40.0,44.0,3.7333333333333334,281.99999999999994
2023,47,P007,S03,Home Goods,East,84,21.857142857142858,54.37,32.62,2023-11-20,99.0,76.0,105.0,103.0,87.5,95.75,85.0,3.843137254901961,1827.0
2023,47,P007,S05,Home Goods,Central,212,46.714285714285715,54.37,32.62,2023-11-20,133.0,112.0,158.0,146.0,122.5,137.25,122.25,4.538226299694189,4611.0
2023,47,P004,S03,Toys,East,49,19.714285714285715,27.59,16.56,2023-11-20,64.0,85.0,62.0,33.0,74.5,61.0,53.375,2.4855072463768115,540.47
2023,47,P005,S05,Electronics,Central,136,30.285714285714285,30.26,18.15,2023-11-20,72.0,93.0,127.0,71.0,82.5,90.75,76.25,4.490566037735849,1646.9600000000005
2023,47,P002,S05,Home Goods,Central,81,19.0,17.62,10.570000000000002,2023-11-20,40.0,63.0,54.0,72.0,51.5,57.25,47.125,4.2631578947368425,571.05
2023,47,P010,S03,Electronics,East,169,28.714285714285715,61.28000000000001,36.77,2023-11-20,103.0,102.0,97.0,143.0,102.5,111.25,99.5,5.885572139303482,4142.1900000000005
2023,47,P006,S01,Clothing,North,23,9.857142857142858,40.8,24.48,2023-11-20,8.0,88.0,31.0,45.0,48.0,43.0,37.5,2.333333333333333,375.3599999999999
2023,47,P008,S05,Food,Central,209,36.0,46.58,27.95,2023-11-20,233.0,148.0,117.0,129.0,190.5,156.75,129.0,5.805555555555555,3893.6699999999996
2023,47,P006,S02,Clothing,South,43,6.0,40.8,24.48,2023-11-20,53.0,69.0,65.0,59.0,61.0,61.5,57.375,7.166666666666667,701.7599999999999
2023,47,P001,S01,Clothing,North,66,14.0,17.76,10.66,2023-11-20,45.0,16.0,3.0,52.0,30.5,29.0,31.375,4.714285714285714,468.6000000000001
2023,47,P007,S04,Home Goods,West,163,50.57142857142857,54.37,32.62,2023-11-20,139.0,78.0,77.0,60.0,108.5,88.5,85.875,3.2231638418079096,3545.25
2023,47,P001,S05,Clothing,Central,18,6.285714285714286,17.76,10.66,2023-11-20,43.0,29.0,38.0,53.0,36.0,40.75,46.625,2.8636363636363638,127.80000000000003
2023,47,P006,S04,Clothing,West,147,43.0,40.8,24.48,2023-11-20,87.0,85.0,142.0,88.0,86.0,100.5,79.375,3.4186046511627906,2399.0399999999995
2023,47,P008,S02,Food,South,104,19.857142857142858,46.58,27.95,2023-11-20,64.0,36.0,59.0,54.0,50.0,53.25,47.0,5.237410071942446,1937.52
2023,47,P007,S01,Home Goods,North,63,9.0,54.37,32.62,2023-11-20,31.0,54.0,25.0,17.0,42.5,31.75,35.125,7.0,1370.25
2023,47,P003,S03,Food,East,44,8.714285714285714,34.15,20.49,2023-11-20,33.0,99.0,54.0,44.0,66.0,57.5,51.375,5.049180327868853,601.04
2023,47,P010,S04,Electronics,West,187,38.0,61.28000000000001,36.77,2023-11-20,177.0,101.0,139.0,102.0,139.0,129.75,127.25,4.921052631578948,4583.370000000001
2023,47,P002,S03,Home Goods,East,24,13.142857142857142,17.62,10.570000000000002,2023-11-20,40.0,23.0,52.0,42.0,31.5,39.25,38.0,1.8260869565217392,169.2
2023,47,P004,S01,Toys,North,8,4.571428571428571,27.59,16.56,2023-11-20,53.0,28.0,22.0,22.0,40.5,31.25,36.375,1.75,88.24000000000001
2023,47,P001,S04,Clothing,West,32,21.571428571428573,17.76,10.66,2023-11-20,26.0,17.0,47.0,24.0,21.5,28.5,33.75,1.4834437086092713,227.20000000000005
2023,47,P010,S05,Electronics,Central,228,45.42857142857143,61.28000000000001,36.77,2023-11-20,225.0,161.0,170.0,191.0,193.0,186.75,174.75,5.018867924528302,5588.280000000002
2023,47,P010,S01,Electronics,North,30,9.571428571428571,61.28000000000001,36.77,2023-11-20,14.0,51.0,56.0,45.0,32.5,41.5,34.375,3.1343283582089554,735.3000000000002
2023,47,P003,S04,Food,West,73,19.285714285714285,34.15,20.49,2023-11-20,80.0,49.0,21.0,89.0,64.5,59.75,55.0,3.785185185185185,997.1800000000001
2023,47,P008,S03,Food,East,164,55.42857142857143,46.58,27.95,2023-11-20,66.0,86.0,115.0,114.0,76.0,95.25,87.375,2.958762886597938,3055.3199999999997
2023,47,P001,S02,Clothing,South,45,15.714285714285714,17.76,10.66,2023-11-20,0.0,37.0,86.0,39.0,18.5,40.5,32.25,2.8636363636363638,319.50000000000006
2023,47,P004,S05,Toys,Central,147,41.285714285714285,27.59,16.56,2023-11-20,87.0,60.0,59.0,87.0,73.5,73.25,78.0,3.5605536332179932,1621.41
2023,47,P002,S02,Home Goods,South,33,2.7142857142857144,17.62,10.570000000000002,2023-11-20,43.0,32.0,51.0,12.0,37.5,34.5,30.625,12.157894736842104,232.64999999999998
2023,47,P007,S02,Home Goods,South,52,16.714285714285715,54.37,32.62,2023-11-20,52.0,81.0,79.0,63.0,66.5,68.75,57.625,3.1111111111111107,1131.0
2023,47,P003,S02,Food,South,51,17.142857142857142,34.15,20.49,2023-11-20,23.0,30.0,28.0,52.0,26.5,33.25,28.875,2.975,696.66
2023,47,P005,S02,Electronics,South,53,23.714285714285715,30.26,18.15,2023-11-20,13.0,64.0,53.0,38.0,38.5,42.0,47.75,2.2349397590361444,641.8300000000002
2023,47,P004,S04,Toys,West,57,20.0,27.59,16.56,2023-11-20,72.0,49.0,38.0,101.0,60.5,65.0,62.5,2.85,628.71
2023,47,P008,S01,Food,North,80,10.285714285714286,46.58,27.95,2023-11-20,51.0,65.0,64.0,20.0,58.0,50.0,43.25,7.777777777777777,1490.3999999999999
2023,47,P005,S01,Electronics,North,20,10.142857142857142,30.26,18.15,2023-11-20,67.0,22.0,65.0,6.0,44.5,40.0,40.375,1.971830985915493,242.20000000000005
2023,47,P006,S03,Clothing,East,135,22.142857142857142,40.8,24.48,2023-11-20,98.0,60.0,68.0,60.0,79.0,71.5,68.875,6.096774193548387,2203.1999999999994
2023,47,P009,S01,Toys,North,43,12.142857142857142,54.089999999999996,32.46,2023-11-20,63.0,49.0,44.0,31.0,56.0,46.75,34.375,3.5411764705882356,930.0899999999998
2023,47,P002,S01,Home Goods,North,58,19.857142857142858,17.62,10.570000000000002,2023-11-20,7.0,35.0,37.0,41.0,21.0,30.0,25.5,2.920863309352518,408.8999999999999
2023,47,P003,S01,Food,North,50,17.714285714285715,34.15,20.49,2023-11-20,71.0,38.0,37.0,14.0,54.5,40.0,33.125,2.82258064516129,683.0
2023,47,P010,S02,Electronics,South,156,39.57142857142857,61.28000000000001,36.77,2023-11-20,54.0,103.0,81.0,39.0,78.5,69.25,67.625,3.9422382671480145,3823.560000000001
2023,47,P003,S05,Food,Central,120,30.142857142857142,34.15,20.49,2023-11-20,72.0,68.0,53.0,64.0,70.0,64.25,57.25,3.9810426540284363,1639.2
2023,47,P009,S05,Toys,Central,272,69.71428571428571,54.089999999999996,32.46,2023-11-20,219.0,159.0,202.0,142.0,189.0,180.5,156.25,3.9016393442622954,5883.359999999999
2023,47,P009,S02,Toys,South,104,26.857142857142858,54.089999999999996,32.46,2023-11-20,78.0,31.0,59.0,53.0,54.5,55.25,67.875,3.872340425531915,2249.5199999999995
2023,47,P005,S03,Electronics,East,98,15.857142857142858,30.26,18.15,2023-11-20,67.0,54.0,33.0,44.0,60.5,49.5,58.5,6.18018018018018,1186.7800000000002
2023,47,P006,S05,Clothing,Central,100,20.0,40.8,24.48,2023-11-20,138.0,148.0,133.0,75.0,143.0,123.5,105.625,5.0,1631.9999999999998
2023,47,P005,S04,Electronics,West,132,15.714285714285714,30.26,18.15,2023-11-20,84.0,91.0,85.0,77.0,87.5,84.25,82.5,8.4,1598.5200000000004
2023,47,P009,S04,Toys,West,209,43.142857142857146,54.089999999999996,32.46,2023-11-20,160.0,183.0,167.0,117.0,171.5,156.75,128.25,4.844370860927152,4520.669999999999
2023,47,P001,S03,Clothing,East,33,3.857142857142857,17.76,10.66,2023-11-20,27.0,4.0,28.0,24.0,15.5,20.75,20.875,8.555555555555555,234.30000000000004
2023,47,P004,S02,Toys,South,66,14.428571428571429,27.59,16.56,2023-11-20,66.0,64.0,35.0,68.0,65.0,58.25,48.125,4.574257425742574,727.98
2023,47,P009,S03,Toys,East,147,36.714285714285715,54.089999999999996,32.46,2023-11-20,109.0,111.0,88.0,80.0,110.0,97.0,92.375,4.003891050583658,3179.609999999999
2023,47,P008,S04,Food,West,174,41.42857142857143,46.58,27.95,2023-11-20,109.0,129.0,73.0,83.0,119.0,98.5,91.875,4.2,3241.62
2023,48,P005,S03,Electronics,East,108,19.857142857142858,30.26,18.15,2023-11-27,98.0,67.0,54.0,33.0,82.5,63.0,61.25,5.438848920863309,1307.8800000000003
2023,48,P010,S03,Electronics,East,189,36.714285714285715,61.28000000000001,36.77,2023-11-27,169.0,103.0,102.0,97.0,136.0,117.75,108.875,5.147859922178988,4632.390000000001
2023,48,P009,S01,Toys,North,62,18.428571428571427,54.089999999999996,32.46,2023-11-27,43.0,63.0,49.0,44.0,53.0,49.75,37.375,3.364341085271318,1341.0599999999997
2023,48,P004,S01,Toys,North,44,14.285714285714286,27.59,16.56,2023-11-27,8.0,53.0,28.0,22.0,30.5,27.75,30.625,3.0799999999999996,485.32000000000005
2023,48,P001,S02,Clothing,South,27,18.0,17.76,10.66,2023-11-27,45.0,0.0,37.0,86.0,22.5,42.0,33.0,1.5,191.70000000000005
2023,48,P007,S04,Home Goods,West,217,43.57142857142857,54.37,32.62,2023-11-27,163.0,139.0,78.0,77.0,151.0,114.25,97.25,4.980327868852459,4719.75
2023,48,P002,S04,Home Goods,West,38,24.571428571428573,17.62,10.570000000000002,2023-11-27,40.0,49.0,43.0,26.0,44.5,39.5,41.75,1.5465116279069766,267.9
2023,48,P008,S05,Food,Central,299,68.14285714285714,46.58,27.95,2023-11-27,209.0,233.0,148.0,117.0,221.0,176.75,142.25,4.387840670859539,5570.37
2023,48,P006,S01,Clothing,North,50,13.142857142857142,40.8,24.48,2023-11-27,23.0,8.0,88.0,31.0,15.5,37.5,36.125,3.8043478260869565,815.9999999999999
2023,48,P001,S04,Clothing,West,36,11.142857142857142,17.76,10.66,2023-11-27,32.0,26.0,17.0,47.0,29.0,30.5,33.375,3.230769230769231,255.60000000000005
2023,48,P008,S02,Food,South,127,17.428571428571427,46.58,27.95,2023-11-27,104.0,64.0,36.0,59.0,84.0,65.75,53.625,7.28688524590164,2366.0099999999998
2023,48,P009,S03,Toys,East,136,24.857142857142858,54.089999999999996,32.46,2023-11-27,147.0,109.0,111.0,88.0,128.0,113.75,98.5,5.471264367816092,2941.6799999999994
2023,48,P007,S03,Home Goods,East,152,33.857142857142854,54.37,32.62,2023-11-27,84.0,99.0,76.0,105.0,91.5,91.0,91.25,4.489451476793249,3306.0
2023,48,P001,S03,Clothing,East,29,8.714285714285714,17.76,10.66,2023-11-27,33.0,27.0,4.0,28.0,30.0,23.0,20.875,3.3278688524590168,205.90000000000003
2023,48,P010,S05,Electronics,Central,295,71.85714285714286,61.28000000000001,36.77,2023-11-27,228.0,225.0,161.0,170.0,226.5,196.0,184.0,4.105367793240556,7230.450000000002
2023,48,P010,S04,Electronics,West,241,59.0,61.28000000000001,36.77,2023-11-27,187.0,177.0,101.0,139.0,182.0,151.0,136.375,4.084745762711864,5906.910000000002
2023,48,P007,S01,Home Goods,North,55,12.142857142857142,54.37,32.62,2023-11-27,63.0,31.0,54.0,25.0,47.0,43.25,33.875,4.529411764705882,1196.25
2023,48,P006,S03,Clothing,East,151,38.42857142857143,40.8,24.48,2023-11-27,135.0,98.0,60.0,68.0,116.5,90.25,78.0,3.9293680297397766,2464.3199999999997
2023,48,P001,S01,Clothing,North,8,7.0,17.76,10.66,2023-11-27,66.0,45.0,16.0,3.0,55.5,32.5,38.125,1.1428571428571428,56.80000000000001
2023,48,P005,S01,Electronics,North,34,14.428571428571429,30.26,18.15,2023-11-27,20.0,67.0,22.0,65.0,43.5,43.5,39.375,2.3564356435643563,411.7400000000001
2023,48,P003,S05,Food,Central,82,11.142857142857142,34.15,20.49,2023-11-27,120.0,72.0,68.0,53.0,96.0,78.25,63.625,7.3589743589743595,1120.1200000000001
2023,48,P002,S01,Home Goods,North,23,9.857142857142858,17.62,10.570000000000002,2023-11-27,58.0,7.0,35.0,37.0,32.5,34.25,30.0,2.333333333333333,162.14999999999998
2023,48,P009,S04,Toys,West,216,41.57142857142857,54.089999999999996,32.46,2023-11-27,209.0,160.0,183.0,167.0,184.5,179.75,141.75,5.195876288659794,4672.079999999999
2023,48,P008,S01,Food,North,63,2.142857142857143,46.58,27.95,2023-11-27,80.0,51.0,65.0,64.0,65.5,65.0,46.0,29.400000000000002,1173.6899999999998
2023,48,P010,S01,Electronics,North,48,13.285714285714286,61.28000000000001,36.77,2023-11-27,30.0,14.0,51.0,56.0,22.0,37.75,37.375,3.6129032258064515,1176.4800000000002
2023,48,P009,S05,Toys,Central,294,62.0,54.089999999999996,32.46,2023-11-27,272.0,219.0,159.0,202.0,245.5,213.0,175.75,4.741935483870968,6359.219999999998
2023,48,P004,S04,Toys,West,79,18.714285714285715,27.59,16.56,2023-11-27,57.0,72.0,49.0,38.0,64.5,54.0,62.25,4.221374045801526,871.3700000000001
2023,48,P003,S01,Food,North,20,5.857142857142857,34.15,20.49,2023-11-27,50.0,71.0,38.0,37.0,60.5,49.0,34.625,3.414634146341464,273.2
2023,48,P006,S05,Clothing,Central,202,53.714285714285715,40.8,24.48,2023-11-27,100.0,138.0,148.0,133.0,119.0,129.75,106.125,3.7606382978723403,3296.6399999999994
2023,48,P005,S05,Electronics,Central,165,33.857142857142854,30.26,18.15,2023-11-27,136.0,72.0,93.0,127.0,104.0,107.0,87.875,4.8734177215189876,1998.1500000000005
2023,48,P001,S05,Clothing,Central,41,11.714285714285714,17.76,10.66,2023-11-27,18.0,43.0,29.0,38.0,30.5,32.0,37.125,3.5000000000000004,291.1000000000001
2023,48,P008,S03,Food,East,173,18.142857142857142,46.58,27.95,2023-11-27,164.0,66.0,86.0,115.0,115.0,107.75,100.5,9.535433070866143,3222.99
2023,48,P002,S02,Home Goods,South,57,10.428571428571429,17.62,10.570000000000002,2023-11-27,33.0,43.0,32.0,51.0,38.0,39.75,31.375,5.465753424657534,401.84999999999997
2023,48,P004,S03,Toys,East,74,25.714285714285715,27.59,16.56,2023-11-27,49.0,64.0,85.0,62.0,56.5,65.0,53.875,2.8777777777777778,816.22
2023,48,P006,S04,Clothing,West,120,27.285714285714285,40.8,24.48,2023-11-27,147.0,87.0,85.0,142.0,117.0,115.25,91.75,4.397905759162303,1958.3999999999996
2023,48,P006,S02,Clothing,South,74,17.428571428571427,40.8,24.48,2023-11-27,43.0,53.0,69.0,65.0,48.0,57.5,56.25,4.245901639344263,1207.6799999999998
2023,48,P002,S05,Home Goods,Central,58,12.571428571428571,17.62,10.570000000000002,2023-11-27,81.0,40.0,63.0,54.0,60.5,59.5,51.5,4.613636363636363,408.8999999999999
2023,48,P007,S05,Home Goods,Central,202,48.285714285714285,54.37,32.62,2023-11-27,212.0,133.0,112.0,158.0,172.5,153.75,140.5,4.183431952662722,4393.5
2023,48,P008,S04,Food,West,170,41.857142857142854,46.58,27.95,2023-11-27,174.0,109.0,129.0,73.0,141.5,121.25,104.125,4.061433447098977,3167.1
2023,48,P003,S02,Food,South,26,13.714285714285714,34.15,20.49,2023-11-27,51.0,23.0,30.0,28.0,37.0,33.0,32.25,1.8958333333333335,355.16
2023,48,P009,S02,Toys,South,124,22.0,54.089999999999996,32.46,2023-11-27,104.0,78.0,31.0,59.0,91.0,68.0,73.375,5.636363636363637,2682.1199999999994
2023,48,P004,S05,Toys,Central,135,38.142857142857146,27.59,16.56,2023-11-27,147.0,87.0,60.0,59.0,117.0,88.25,86.75,3.5393258426966288,1489.0500000000002
2023,48,P003,S04,Food,West,71,11.571428571428571,34.15,20.49,2023-11-27,73.0,80.0,49.0,21.0,76.5,55.75,58.125,6.135802469135802,969.86
2023,48,P002,S03,Home Goods,East,97,25.0,17.62,10.570000000000002,2023-11-27,24.0,40.0,23.0,52.0,32.0,34.75,36.25,3.88,683.8499999999999
2023,48,P005,S04,Electronics,West,169,50.285714285714285,30.26,18.15,2023-11-27,132.0,84.0,91.0,85.0,108.0,98.0,87.125,3.3607954545454546,2046.5900000000006
2023,48,P005,S02,Electronics,South,45,24.714285714285715,30.26,18.15,2023-11-27,53.0,13.0,64.0,53.0,33.0,45.75,47.625,1.8208092485549132,544.9500000000002
2023,48,P003,S03,Food,East,75,22.714285714285715,34.15,20.49,2023-11-27,44.0,33.0,99.0,54.0,38.5,57.5,54.5,3.30188679245283,1024.5
2023,48,P010,S02,Electronics,South,140,24.714285714285715,61.28000000000001,36.77,2023-11-27,156.0,54.0,103.0,81.0,105.0,98.5,77.875,5.664739884393064,3431.4000000000005
2023,48,P007,S02,Home Goods,South,55,17.0,54.37,32.62,2023-11-27,52.0,52.0,81.0,79.0,52.0,66.0,59.125,3.235294117647059,1196.25
2023,48,P004,S02,Toys,South,55,9.714285714285714,27.59,16.56,2023-11-27,66.0,66.0,64.0,35.0,66.0,57.75,50.875,5.661764705882353,606.6500000000001
2023,49,P008,S05,Food,Central,170,45.857142857142854,46.58,27.95,2023-12-04,299.0,209.0,233.0,148.0,254.0,222.25,159.0,3.707165109034268,3167.1
2023,49,P005,S05,Electronics,Central,162,35.857142857142854,30.26,18.15,2023-12-04,165.0,136.0,72.0,93.0,150.5,116.5,98.875,4.51792828685259,1961.8200000000004
2023,49,P003,S01,Food,North,29,7.285714285714286,34.15,20.49,2023-12-04,20.0,50.0,71.0,38.0,35.0,44.75,34.875,3.980392156862745,396.14
2023,49,P006,S01,Clothing,North,38,15.857142857142858,40.8,24.48,2023-12-04,50.0,23.0,8.0,88.0,36.5,42.25,35.125,2.3963963963963963,620.1599999999999
2023,49,P008,S01,Food,North,100,22.428571428571427,46.58,27.95,2023-12-04,63.0,80.0,51.0,65.0,71.5,64.75,52.75,4.45859872611465,1863.0
2023,49,P008,S04,Food,West,216,48.0,46.58,27.95,2023-12-04,170.0,174.0,109.0,129.0,172.0,145.5,111.875,4.5,4024.08
2023,49,P007,S05,Home Goods,Central,184,36.857142857142854,54.37,32.62,2023-12-04,202.0,212.0,133.0,112.0,207.0,164.75,153.0,4.992248062015504,4002.0
2023,49,P003,S04,Food,West,68,20.428571428571427,34.15,20.49,2023-12-04,71.0,73.0,80.0,49.0,72.0,68.25,63.625,3.3286713286713288,928.88
2023,49,P003,S03,Food,East,29,5.428571428571429,34.15,20.49,2023-12-04,75.0,44.0,33.0,99.0,59.5,62.75,54.125,5.342105263157895,396.14
2023,49,P001,S01,Clothing,North,23,4.0,17.76,10.66,2023-12-04,8.0,66.0,45.0,16.0,37.0,33.75,33.375,5.75,163.30000000000004
2023,49,P010,S04,Electronics,West,207,37.714285714285715,61.28000000000001,36.77,2023-12-04,241.0,187.0,177.0,101.0,214.0,176.5,149.875,5.488636363636363,5073.570000000001
2023,49,P005,S04,Electronics,West,100,17.428571428571427,30.26,18.15,2023-12-04,169.0,132.0,84.0,91.0,150.5,119.0,101.375,5.7377049180327875,1211.0000000000002
2023,49,P008,S03,Food,East,130,19.428571428571427,46.58,27.95,2023-12-04,173.0,164.0,66.0,86.0,168.5,122.25,112.0,6.6911764705882355,2421.9
2023,49,P002,S05,Home Goods,Central,73,3.5714285714285716,17.62,10.570000000000002,2023-12-04,58.0,81.0,40.0,63.0,69.5,60.5,57.25,20.439999999999998,514.65
2023,49,P003,S05,Food,Central,49,9.142857142857142,34.15,20.49,2023-12-04,82.0,120.0,72.0,68.0,101.0,85.5,69.25,5.359375,669.34
2023,49,P004,S05,Toys,Central,90,30.571428571428573,27.59,16.56,2023-12-04,135.0,147.0,87.0,60.0,141.0,107.25,94.875,2.9439252336448596,992.7
2023,49,P001,S04,Clothing,West,42,12.142857142857142,17.76,10.66,2023-12-04,36.0,32.0,26.0,17.0,34.0,27.75,35.5,3.458823529411765,298.20000000000005
2023,49,P009,S02,Toys,South,126,27.857142857142858,54.089999999999996,32.46,2023-12-04,124.0,104.0,78.0,31.0,114.0,84.25,78.25,4.523076923076923,2725.379999999999
2023,49,P004,S03,Toys,East,37,15.714285714285714,27.59,16.56,2023-12-04,74.0,49.0,64.0,85.0,61.5,68.0,60.75,2.3545454545454545,408.11
2023,49,P001,S02,Clothing,South,25,13.0,17.76,10.66,2023-12-04,27.0,45.0,0.0,37.0,36.0,27.25,36.25,1.9230769230769231,177.50000000000003
2023,49,P001,S03,Clothing,East,27,9.0,17.76,10.66,2023-12-04,29.0,33.0,27.0,4.0,31.0,23.25,22.25,3.0,191.70000000000005
2023,49,P009,S03,Toys,East,169,46.142857142857146,54.089999999999996,32.46,2023-12-04,136.0,147.0,109.0,111.0,141.5,125.75,107.5,3.662538699690402,3655.4699999999993
2023,49,P009,S05,Toys,Central,229,57.42857142857143,54.089999999999996,32.46,2023-12-04,294.0,272.0,219.0,159.0,283.0,236.0,192.75,3.987562189054726,4953.269999999999
2023,49,P010,S05,Electronics,Central,282,64.28571428571429,61.28000000000001,36.77,2023-12-04,295.0,228.0,225.0,161.0,261.5,227.25,197.75,4.386666666666666,6911.8200000000015
2023,49,P002,S02,Home Goods,South,43,6.285714285714286,17.62,10.570000000000002,2023-12-04,57.0,33.0,43.0,32.0,45.0,41.25,34.625,6.840909090909091,303.15
2023,49,P007,S01,Home Goods,North,51,8.571428571428571,54.37,32.62,2023-12-04,55.0,63.0,31.0,54.0,59.0,50.75,37.375,5.95,1109.25
2023,49,P002,S03,Home Goods,East,24,16.571428571428573,17.62,10.570000000000002,2023-12-04,97.0,24.0,40.0,23.0,60.5,46.0,43.875,1.4482758620689653,169.2
2023,49,P007,S02,Home Goods,South,80,13.571428571428571,54.37,32.62,2023-12-04,55.0,52.0,52.0,81.0,53.5,60.0,58.25,5.894736842105263,1740.0
2023,49,P010,S02,Electronics,South,104,18.428571428571427,61.28000000000001,36.77,2023-12-04,140.0,156.0,54.0,103.0,148.0,113.25,80.0,5.6434108527131785,2549.0400000000004
2023,49,P003,S02,Food,South,24,8.428571428571429,34.15,20.49,2023-12-04,26.0,51.0,23.0,30.0,38.5,32.5,31.375,2.847457627118644,327.84000000000003
2023,49,P006,S05,Clothing,Central,169,32.714285714285715,40.8,24.48,2023-12-04,202.0,100.0,138.0,148.0,151.0,147.0,115.125,5.165938864628821,2758.0799999999995
2023,49,P010,S01,Electronics,North,65,14.0,61.28000000000001,36.77,2023-12-04,48.0,30.0,14.0,51.0,39.0,35.75,38.25,4.642857142857143,1593.1500000000003
2023,49,P001,S05,Clothing,Central,57,27.285714285714285,17.76,10.66,2023-12-04,41.0,18.0,43.0,29.0,29.5,32.75,36.5,2.0890052356020945,404.7000000000001
2023,49,P004,S02,Toys,South,41,16.714285714285715,27.59,16.56,2023-12-04,55.0,66.0,66.0,64.0,60.5,62.75,52.875,2.4529914529914527,452.23
2023,49,P005,S02,Electronics,South,55,27.714285714285715,30.26,18.15,2023-12-04,45.0,53.0,13.0,64.0,49.0,43.75,47.125,1.9845360824742266,666.0500000000002
2023,49,P006,S02,Clothing,South,71,24.285714285714285,40.8,24.48,2023-12-04,74.0,43.0,53.0,69.0,58.5,59.75,59.5,2.923529411764706,1158.7199999999998
2023,49,P004,S01,Toys,North,44,16.285714285714285,27.59,16.56,2023-12-04,44.0,8.0,53.0,28.0,26.0,33.25,31.0,2.7017543859649122,485.32000000000005
2023,49,P007,S03,Home Goods,East,121,30.285714285714285,54.37,32.62,2023-12-04,152.0,84.0,99.0,76.0,118.0,102.75,98.875,3.9952830188679247,2631.75
2023,49,P006,S04,Clothing,West,80,9.0,40.8,24.48,2023-12-04,120.0,147.0,87.0,85.0,133.5,109.75,98.875,8.88888888888889,1305.5999999999997
2023,49,P002,S04,Home Goods,West,98,21.714285714285715,17.62,10.570000000000002,2023-12-04,38.0,40.0,49.0,43.0,39.0,42.5,38.25,4.513157894736842,690.8999999999999
2023,49,P005,S03,Electronics,East,122,33.857142857142854,30.26,18.15,2023-12-04,108.0,98.0,67.0,54.0,103.0,81.75,69.625,3.6033755274261607,1477.4200000000003
2023,49,P004,S04,Toys,West,108,25.428571428571427,27.59,16.56,2023-12-04,79.0,57.0,72.0,49.0,68.0,64.25,62.25,4.247191011235955,1191.2400000000002
2023,49,P005,S01,Electronics,North,52,7.857142857142857,30.26,18.15,2023-12-04,34.0,20.0,67.0,22.0,27.0,35.75,39.875,6.618181818181818,629.7200000000001
2023,49,P010,S03,Electronics,East,158,42.714285714285715,61.28000000000001,36.77,2023-12-04,189.0,169.0,103.0,102.0,179.0,140.75,123.875,3.6989966555183944,3872.580000000001
2023,49,P002,S01,Home Goods,North,37,10.428571428571429,17.62,10.570000000000002,2023-12-04,23.0,58.0,7.0,35.0,40.5,30.75,30.625,3.547945205479452,260.84999999999997
2023,49,P009,S01,Toys,North,54,18.0,54.089999999999996,32.46,2023-12-04,62.0,43.0,63.0,49.0,52.5,54.25,44.875,3.0,1168.0199999999998
2023,49,P006,S03,Clothing,East,56,10.571428571428571,40.8,24.48,2023-12-04,151.0,135.0,98.0,60.0,143.0,111.0,89.0,5.297297297297297,913.9199999999998
2023,49,P007,S04,Home Goods,West,144,44.285714285714285,54.37,32.62,2023-12-04,217.0,163.0,139.0,78.0,190.0,149.25,111.75,3.2516129032258063,3132.0
2023,49,P009,S04,Toys,West,223,47.142857142857146,54.089999999999996,32.46,2023-12-04,216.0,209.0,160.0,183.0,212.5,192.0,160.875,4.73030303030303,4823.489999999999
2023,49,P008,S02,Food,South,104,22.0,46.58,27.95,2023-12-04,127.0,104.0,64.0,36.0,115.5,82.75,63.5,4.7272727272727275,1937.52
2023,50,P010,S02,Electronics,South,179,40.285714285714285,61.28000000000001,36.77,2023-12-11,104.0,140.0,156.0,54.0,122.0,113.5,89.75,4.443262411347518,4387.290000000001
2023,50,P007,S02,Home Goods,South,77,13.428571428571429,54.37,32.62,2023-12-11,80.0,55.0,52.0,52.0,67.5,59.75,64.5,5.73404255319149,1674.75
2023,50,P002,S01,Home Goods,North,35,6.0,17.62,10.570000000000002,2023-12-11,37.0,23.0,58.0,7.0,30.0,31.25,33.625,5.833333333333333,246.74999999999997
2023,50,P008,S03,Food,East,139,38.0,46.58,27.95,2023-12-11,130.0,173.0,164.0,66.0,151.5,133.25,115.125,3.6578947368421053,2589.5699999999997
2023,50,P005,S05,Electronics,Central,179,30.714285714285715,30.26,18.15,2023-12-11,162.0,165.0,136.0,72.0,163.5,133.75,114.0,5.827906976744186,2167.6900000000005
2023,50,P009,S04,Toys,West,234,50.857142857142854,54.089999999999996,32.46,2023-12-11,223.0,216.0,209.0,160.0,219.5,202.0,174.75,4.6011235955056184,5061.419999999999
2023,50,P004,S02,Toys,South,79,19.714285714285715,27.59,16.56,2023-12-11,41.0,55.0,66.0,66.0,48.0,57.0,54.875,4.007246376811594,871.3700000000001
2023,50,P002,S02,Home Goods,South,29,10.857142857142858,17.62,10.570000000000002,2023-12-11,43.0,57.0,33.0,43.0,50.0,44.0,35.875,2.6710526315789473,204.44999999999996
2023,50,P010,S04,Electronics,West,308,54.57142857142857,61.28000000000001,36.77,2023-12-11,207.0,241.0,187.0,177.0,224.0,203.0,162.25,5.643979057591623,7549.080000000002
2023,50,P004,S04,Toys,West,100,23.571428571428573,27.59,16.56,2023-12-11,108.0,79.0,57.0,72.0,93.5,79.0,71.375,4.242424242424242,1103.0
2023,50,P009,S03,Toys,East,221,43.57142857142857,54.089999999999996,32.46,2023-12-11,169.0,136.0,147.0,109.0,152.5,140.25,115.375,5.072131147540984,4780.229999999999
2023,50,P001,S03,Clothing,East,37,5.428571428571429,17.76,10.66,2023-12-11,27.0,29.0,33.0,27.0,28.0,29.0,22.375,6.815789473684211,262.70000000000005
2023,50,P006,S03,Clothing,East,113,32.0,40.8,24.48,2023-12-11,56.0,151.0,135.0,98.0,103.5,110.0,89.0,3.53125,1844.1599999999996
2023,50,P003,S01,Food,North,28,14.714285714285714,34.15,20.49,2023-12-11,29.0,20.0,50.0,71.0,24.5,42.5,33.5,1.9029126213592233,382.48
2023,50,P005,S04,Electronics,West,163,35.857142857142854,30.26,18.15,2023-12-11,100.0,169.0,132.0,84.0,134.5,121.25,100.0,4.5458167330677295,1973.9300000000005
2023,50,P004,S03,Toys,East,106,26.428571428571427,27.59,16.56,2023-12-11,37.0,74.0,49.0,64.0,55.5,56.0,56.875,4.010810810810811,1169.18
2023,50,P006,S05,Clothing,Central,232,51.42857142857143,40.8,24.48,2023-12-11,169.0,202.0,100.0,138.0,185.5,152.25,126.375,4.511111111111111,3786.2399999999993
2023,50,P007,S01,Home Goods,North,55,17.857142857142858,54.37,32.62,2023-12-11,51.0,55.0,63.0,31.0,53.0,50.0,39.5,3.08,1196.25
2023,50,P005,S01,Electronics,North,32,8.857142857142858,30.26,18.15,2023-12-11,52.0,34.0,20.0,67.0,43.0,43.25,41.125,3.6129032258064515,387.5200000000001
2023,50,P001,S05,Clothing,Central,30,15.571428571428571,17.76,10.66,2023-12-11,57.0,41.0,18.0,43.0,49.0,39.75,39.75,1.926605504587156,213.00000000000006
2023,50,P008,S04,Food,West,271,59.57142857142857,46.58,27.95,2023-12-11,216.0,170.0,174.0,109.0,193.0,167.25,128.375,4.54916067146283,5048.73
2023,50,P003,S04,Food,West,104,26.857142857142858,34.15,20.49,2023-12-11,68.0,71.0,73.0,80.0,69.5,73.0,65.125,3.872340425531915,1420.64
2023,50,P009,S02,Toys,South,157,44.0,54.089999999999996,32.46,2023-12-11,126.0,124.0,104.0,78.0,125.0,108.0,82.125,3.5681818181818183,3395.9099999999994
2023,50,P003,S03,Food,East,31,4.285714285714286,34.15,20.49,2023-12-11,29.0,75.0,44.0,33.0,52.0,45.25,52.5,7.233333333333333,423.46
2023,50,P004,S01,Toys,North,3,11.428571428571429,27.59,16.56,2023-12-11,44.0,44.0,8.0,53.0,44.0,37.25,32.125,0.2625,33.09
2023,50,P008,S05,Food,Central,298,68.42857142857143,46.58,27.95,2023-12-11,170.0,299.0,209.0,233.0,234.5,227.75,170.375,4.354906054279749,5551.74
2023,50,P006,S04,Clothing,West,220,45.0,40.8,24.48,2023-12-11,80.0,120.0,147.0,87.0,100.0,108.5,101.625,4.888888888888889,3590.399999999999
2023,50,P009,S01,Toys,North,75,15.571428571428571,54.089999999999996,32.46,2023-12-11,54.0,62.0,43.0,63.0,58.0,55.5,49.0,4.81651376146789,1622.2499999999995
2023,50,P003,S02,Food,South,28,18.571428571428573,34.15,20.49,2023-12-11,24.0,26.0,51.0,23.0,25.0,31.0,32.125,1.5076923076923077,382.48
2023,50,P010,S03,Electronics,East,217,49.57142857142857,61.28000000000001,36.77,2023-12-11,158.0,189.0,169.0,103.0,173.5,154.75,129.75,4.377521613832853,5318.670000000001
2023,50,P006,S01,Clothing,North,29,23.857142857142858,40.8,24.48,2023-12-11,38.0,50.0,23.0,8.0,44.0,29.75,37.125,1.215568862275449,473.2799999999999
2023,50,P002,S04,Home Goods,West,46,16.428571428571427,17.62,10.570000000000002,2023-12-11,98.0,38.0,40.0,49.0,68.0,56.25,48.0,2.8000000000000003,324.29999999999995
2023,50,P005,S03,Electronics,East,66,20.285714285714285,30.26,18.15,2023-12-11,122.0,108.0,98.0,67.0,115.0,98.75,74.375,3.2535211267605635,799.2600000000002
2023,50,P004,S05,Toys,Central,166,34.857142857142854,27.59,16.56,2023-12-11,90.0,135.0,147.0,87.0,112.5,114.75,92.5,4.762295081967213,1830.9800000000002
2023,50,P007,S04,Home Goods,West,218,43.142857142857146,54.37,32.62,2023-12-11,144.0,217.0,163.0,139.0,180.5,165.75,116.25,5.0529801324503305,4741.5
2023,50,P003,S05,Food,Central,118,20.857142857142858,34.15,20.49,2023-12-11,49.0,82.0,120.0,72.0,65.5,80.75,68.625,5.657534246575342,1611.88
2023,50,P008,S02,Food,South,110,26.142857142857142,46.58,27.95,2023-12-11,104.0,127.0,104.0,64.0,115.5,99.75,72.625,4.2076502732240435,2049.2999999999997
2023,50,P001,S02,Clothing,South,32,9.571428571428571,17.76,10.66,2023-12-11,25.0,27.0,45.0,0.0,26.0,24.25,35.625,3.343283582089552,227.20000000000005
2023,50,P007,S03,Home Goods,East,147,45.57142857142857,54.37,32.62,2023-12-11,121.0,152.0,84.0,99.0,136.5,114.0,103.375,3.2257053291536053,3197.25
2023,50,P010,S01,Electronics,North,104,26.857142857142858,61.28000000000001,36.77,2023-12-11,65.0,48.0,30.0,14.0,56.5,39.25,42.25,3.872340425531915,2549.0400000000004
2023,50,P009,S05,Toys,Central,295,84.0,54.089999999999996,32.46,2023-12-11,229.0,294.0,272.0,219.0,261.5,253.5,208.5,3.511904761904762,6380.8499999999985
2023,50,P007,S05,Home Goods,Central,232,52.0,54.37,32.62,2023-12-11,184.0,202.0,212.0,133.0,193.0,182.75,162.625,4.461538461538462,5046.0
2023,50,P001,S01,Clothing,North,33,13.571428571428571,17.76,10.66,2023-12-11,23.0,8.0,66.0,45.0,15.5,35.5,28.5,2.431578947368421,234.30000000000004
2023,50,P005,S02,Electronics,South,83,5.857142857142857,30.26,18.15,2023-12-11,55.0,45.0,53.0,13.0,50.0,41.5,49.5,14.170731707317074,1005.1300000000002
2023,50,P001,S04,Clothing,West,14,12.714285714285714,17.76,10.66,2023-12-11,42.0,36.0,32.0,26.0,39.0,34.0,36.25,1.101123595505618,99.40000000000002
2023,50,P002,S03,Home Goods,East,26,9.0,17.62,10.570000000000002,2023-12-11,24.0,97.0,24.0,40.0,60.5,46.25,43.75,2.888888888888889,183.29999999999998
2023,50,P002,S05,Home Goods,Central,128,22.857142857142858,17.62,10.570000000000002,2023-12-11,73.0,58.0,81.0,40.0,65.5,63.0,62.375,5.6,902.3999999999999
2023,50,P010,S05,Electronics,Central,402,82.14285714285714,61.28000000000001,36.77,2023-12-11,282.0,295.0,228.0,225.0,288.5,257.5,215.75,4.893913043478261,9853.020000000002
2023,50,P006,S02,Clothing,South,142,33.142857142857146,40.8,24.48,2023-12-11,71.0,74.0,43.0,53.0,72.5,60.25,64.625,4.2844827586206895,2317.4399999999996
2023,50,P008,S01,Food,North,89,23.428571428571427,46.58,27.95,2023-12-11,100.0,63.0,80.0,51.0,81.5,73.5,62.375,3.798780487804878,1658.07
2023,51,P001,S05,Clothing,Central,83,16.428571428571427,17.76,10.66,2023-12-18,30.0,57.0,41.0,18.0,43.5,36.5,38.625,5.052173913043479,589.3000000000001
2023,51,P004,S05,Toys,Central,214,35.857142857142854,27.59,16.56,2023-12-18,166.0,90.0,135.0,147.0,128.0,134.5,103.875,5.9681274900398416,2360.42
2023,51,P001,S04,Clothing,West,66,24.0,17.76,10.66,2023-12-18,14.0,42.0,36.0,32.0,28.0,31.0,29.75,2.75,468.6000000000001
2023,51,P009,S04,Toys,West,364,80.14285714285714,54.089999999999996,32.46,2023-12-18,234.0,223.0,216.0,209.0,228.5,220.5,188.625,4.541889483065954,7873.319999999998
2023,51,P005,S04,Electronics,West,189,36.857142857142854,30.26,18.15,2023-12-18,163.0,100.0,169.0,132.0,131.5,141.0,112.625,5.127906976744186,2288.7900000000004
2023,51,P010,S05,Electronics,Central,528,107.57142857142857,61.28000000000001,36.77,2023-12-18,402.0,282.0,295.0,228.0,342.0,301.75,244.25,4.908366533864542,12941.280000000002
2023,51,P004,S04,Toys,West,211,55.142857142857146,27.59,16.56,2023-12-18,100.0,108.0,79.0,57.0,104.0,86.0,75.5,3.826424870466321,2327.3300000000004
2023,51,P003,S01,Food,North,50,22.714285714285715,34.15,20.49,2023-12-18,28.0,29.0,20.0,50.0,28.5,31.75,35.875,2.20125786163522,683.0
2023,51,P009,S05,Toys,Central,440,89.14285714285714,54.089999999999996,32.46,2023-12-18,295.0,229.0,294.0,272.0,262.0,272.5,226.5,4.935897435897436,9517.199999999997
2023,51,P006,S05,Clothing,Central,350,64.28571428571429,40.8,24.48,2023-12-18,232.0,169.0,202.0,100.0,200.5,175.75,149.625,5.444444444444444,5711.999999999999
2023,51,P008,S01,Food,North,86,15.285714285714286,46.58,27.95,2023-12-18,89.0,100.0,63.0,80.0,94.5,83.0,66.5,5.626168224299065,1602.1799999999998
2023,51,P003,S03,Food,East,85,34.857142857142854,34.15,20.49,2023-12-18,31.0,29.0,75.0,44.0,30.0,44.75,51.125,2.4385245901639347,1161.1
2023,51,P006,S04,Clothing,West,219,61.42857142857143,40.8,24.48,2023-12-18,220.0,80.0,120.0,147.0,150.0,141.75,121.125,3.5651162790697675,3574.0799999999995
2023,51,P005,S05,Electronics,Central,254,46.285714285714285,30.26,18.15,2023-12-18,179.0,162.0,165.0,136.0,170.5,160.5,125.625,5.487654320987654,3075.940000000001
2023,51,P003,S05,Food,Central,117,28.714285714285715,34.15,20.49,2023-12-18,118.0,49.0,82.0,120.0,83.5,92.25,78.25,4.074626865671641,1598.22
2023,51,P005,S01,Electronics,North,41,6.571428571428571,30.26,18.15,2023-12-18,32.0,52.0,34.0,20.0,42.0,34.5,37.25,6.239130434782609,496.5100000000001
2023,51,P006,S02,Clothing,South,106,29.857142857142858,40.8,24.48,2023-12-18,142.0,71.0,74.0,43.0,106.5,82.5,72.0,3.550239234449761,1729.9199999999996
2023,51,P002,S03,Home Goods,East,53,2.2857142857142856,17.62,10.570000000000002,2023-12-18,26.0,24.0,97.0,24.0,25.0,42.75,41.0,23.1875,373.6499999999999
2023,51,P001,S02,Clothing,South,22,12.285714285714286,17.76,10.66,2023-12-18,32.0,25.0,27.0,45.0,28.5,32.25,36.375,1.7906976744186045,156.20000000000005
2023,51,P001,S01,Clothing,North,8,0.5714285714285714,17.76,10.66,2023-12-18,33.0,23.0,8.0,66.0,28.0,32.5,30.75,14.0,56.80000000000001
2023,51,P003,S02,Food,South,74,19.571428571428573,34.15,20.49,2023-12-18,28.0,24.0,26.0,51.0,26.0,32.25,32.75,3.7810218978102186,1010.84
2023,51,P007,S03,Home Goods,East,214,49.714285714285715,54.37,32.62,2023-12-18,147.0,121.0,152.0,84.0,134.0,126.0,110.875,4.304597701149425,4654.5
2023,51,P002,S05,Home Goods,Central,130,36.285714285714285,17.62,10.570000000000002,2023-12-18,128.0,73.0,58.0,81.0,100.5,85.0,71.125,3.582677165354331,916.4999999999999
2023,51,P004,S01,Toys,North,65,10.714285714285714,27.59,16.56,2023-12-18,3.0,44.0,44.0,8.0,23.5,24.75,28.0,6.066666666666667,716.95
2023,51,P009,S01,Toys,North,80,12.714285714285714,54.089999999999996,32.46,2023-12-18,75.0,54.0,62.0,43.0,64.5,58.5,52.625,6.292134831460674,1730.3999999999996
2023,51,P008,S02,Food,South,211,54.57142857142857,46.58,27.95,2023-12-18,110.0,104.0,127.0,104.0,107.0,111.25,82.25,3.8664921465968587,3930.93
2023,51,P010,S03,Electronics,East,297,58.857142857142854,61.28000000000001,36.77,2023-12-18,217.0,158.0,189.0,169.0,187.5,183.25,147.25,5.0461165048543695,7279.470000000001
2023,51,P006,S01,Clothing,North,113,36.0,40.8,24.48,2023-12-18,29.0,38.0,50.0,23.0,33.5,35.0,39.0,3.138888888888889,1844.1599999999996
2023,51,P005,S03,Electronics,East,175,40.57142857142857,30.26,18.15,2023-12-18,66.0,122.0,108.0,98.0,94.0,98.5,74.0,4.313380281690141,2119.2500000000005
2023,51,P002,S04,Home Goods,West,110,35.57142857142857,17.62,10.570000000000002,2023-12-18,46.0,98.0,38.0,40.0,72.0,55.5,47.75,3.092369477911647,775.4999999999999
2023,51,P008,S05,Food,Central,357,78.57142857142857,46.58,27.95,2023-12-18,298.0,170.0,299.0,209.0,234.0,244.0,200.375,4.543636363636364,6650.91
2023,51,P010,S01,Electronics,North,71,23.571428571428573,61.28000000000001,36.77,2023-12-18,104.0,65.0,48.0,30.0,84.5,61.75,51.625,3.0121212121212118,1740.2100000000003
2023,51,P005,S02,Electronics,South,80,13.285714285714286,30.26,18.15,2023-12-18,83.0,55.0,45.0,53.0,69.0,59.0,50.5,6.021505376344086,968.8000000000002
2023,51,P003,S04,Food,West,118,15.285714285714286,34.15,20.49,2023-12-18,104.0,68.0,71.0,73.0,86.0,79.0,69.375,7.719626168224298,1611.88
2023,51,P002,S01,Home Goods,North,43,12.714285714285714,17.62,10.570000000000002,2023-12-18,35.0,37.0,23.0,58.0,36.0,38.25,34.125,3.3820224719101124,303.15
2023,51,P006,S03,Clothing,East,191,37.57142857142857,40.8,24.48,2023-12-18,113.0,56.0,151.0,135.0,84.5,113.75,92.625,5.083650190114069,3117.1199999999994
2023,51,P010,S04,Electronics,West,388,82.14285714285714,61.28000000000001,36.77,2023-12-18,308.0,207.0,241.0,187.0,257.5,235.75,182.75,4.723478260869565,9509.880000000003
2023,51,P007,S01,Home Goods,North,65,26.285714285714285,54.37,32.62,2023-12-18,55.0,51.0,55.0,63.0,53.0,56.0,43.875,2.472826086956522,1413.75
2023,51,P004,S03,Toys,East,119,32.714285714285715,27.59,16.56,2023-12-18,106.0,37.0,74.0,49.0,71.5,66.5,63.75,3.6375545851528384,1312.5700000000002
2023,51,P001,S03,Clothing,East,8,5.142857142857143,17.76,10.66,2023-12-18,37.0,27.0,29.0,33.0,32.0,31.5,26.125,1.5555555555555554,56.80000000000001
2023,51,P007,S05,Home Goods,Central,338,66.57142857142857,54.37,32.62,2023-12-18,232.0,184.0,202.0,212.0,208.0,207.5,172.375,5.07725321888412,7351.5
2023,51,P009,S03,Toys,East,271,45.285714285714285,54.089999999999996,32.46,2023-12-18,221.0,169.0,136.0,147.0,195.0,168.25,132.625,5.9842271293375395,5861.729999999999
2023,51,P008,S04,Food,West,351,64.0,46.58,27.95,2023-12-18,271.0,216.0,170.0,174.0,243.5,207.75,153.125,5.484375,6539.129999999999
2023,51,P002,S02,Home Goods,South,75,20.857142857142858,17.62,10.570000000000002,2023-12-18,29.0,43.0,57.0,33.0,36.0,40.5,37.5,3.595890410958904,528.7499999999999
2023,51,P007,S02,Home Goods,South,97,14.0,54.37,32.62,2023-12-18,77.0,80.0,55.0,52.0,78.5,66.0,67.375,6.928571428571429,2109.75
2023,51,P010,S02,Electronics,South,157,27.428571428571427,61.28000000000001,36.77,2023-12-18,179.0,104.0,140.0,156.0,141.5,144.75,107.0,5.723958333333334,3848.0700000000006
2023,51,P004,S02,Toys,South,56,17.285714285714285,27.59,16.56,2023-12-18,79.0,41.0,55.0,66.0,60.0,60.25,59.25,3.2396694214876036,617.6800000000001
2023,51,P009,S02,Toys,South,173,41.57142857142857,54.089999999999996,32.46,2023-12-18,157.0,126.0,124.0,104.0,141.5,127.75,91.5,4.161512027491409,3741.9899999999993
2023,51,P007,S04,Home Goods,West,243,55.0,54.37,32.62,2023-12-18,218.0,144.0,217.0,163.0,181.0,185.5,137.0,4.418181818181818,5285.25
2023,51,P008,S03,Food,East,200,43.285714285714285,46.58,27.95,2023-12-18,139.0,130.0,173.0,164.0,134.5,151.5,123.375,4.62046204620462,3726.0
2023,52,P005,S05,Electronics,Central,321,61.0,30.26,18.15,2023-12-25,254.0,179.0,162.0,165.0,216.5,190.0,148.5,5.262295081967213,3887.310000000001
2023,52,P010,S03,Electronics,East,390,69.375,61.28,36.77,2023-12-25,297.0,217.0,158.0,189.0,257.0,215.25,166.5,5.621621621621622,9558.9
2023,52,P005,S01,Electronics,North,120,15.125,30.26,18.15,2023-12-25,41.0,32.0,52.0,34.0,36.5,39.75,41.625,7.933884297520661,1453.2000000000003
2023,52,P004,S05,Toys,Central,307,56.75,27.59,16.56,2023-12-25,214.0,166.0,90.0,135.0,190.0,151.25,119.75,5.409691629955947,3386.2100000000005
2023,52,P004,S04,Toys,West,165,15.875,27.59,16.56,2023-12-25,211.0,100.0,108.0,79.0,155.5,124.5,89.25,10.393700787401574,1819.9500000000003
2023,52,P004,S03,Toys,East,148,24.625,27.59,16.56,2023-12-25,119.0,106.0,37.0,74.0,112.5,84.0,74.5,6.01015228426396,1632.44
2023,52,P004,S02,Toys,South,87,17.5,27.59,16.56,2023-12-25,56.0,79.0,41.0,55.0,67.5,57.75,57.75,4.9714285714285715,959.6100000000001
2023,52,P004,S01,Toys,North,98,26.125,27.59,16.56,2023-12-25,65.0,3.0,44.0,44.0,34.0,39.0,33.375,3.751196172248804,1080.94
2023,52,P003,S05,Food,Central,165,43.875,34.15,20.49,2023-12-25,117.0,118.0,49.0,82.0,117.5,91.5,84.875,3.7606837606837606,2253.9
2023,52,P003,S04,Food,West,109,17.125,34.15,20.49,2023-12-25,118.0,104.0,68.0,71.0,111.0,90.25,73.0,6.364963503649635,1488.94
2023,52,P003,S03,Food,East,95,14.375,34.15,20.49,2023-12-25,85.0,31.0,29.0,75.0,58.0,55.0,56.25,6.608695652173913,1297.7
2023,52,P003,S02,Food,South,149,34.875,34.15,20.49,2023-12-25,74.0,28.0,24.0,26.0,51.0,38.0,35.5,4.272401433691757,2035.34
2023,52,P003,S01,Food,North,56,11.125,34.15,20.49,2023-12-25,50.0,28.0,29.0,20.0,39.0,31.75,40.375,5.033707865168539,764.96
2023,52,P002,S05,Home Goods,Central,147,29.5,17.62,10.57,2023-12-25,130.0,128.0,73.0,58.0,129.0,97.25,78.375,4.983050847457627,1036.3500000000001
2023,52,P002,S04,Home Goods,West,121,25.625,17.62,10.57,2023-12-25,110.0,46.0,98.0,38.0,78.0,73.0,56.25,4.721951219512195,853.0500000000001
2023,52,P002,S03,Home Goods,East,32,9.875,17.62,10.57,2023-12-25,53.0,26.0,24.0,97.0,39.5,50.0,42.375,3.240506329113924,225.60000000000002
2023,52,P002,S02,Home Goods,South,76,11.25,17.62,10.57,2023-12-25,75.0,29.0,43.0,57.0,52.0,51.0,45.375,6.7555555555555555,535.8000000000001
2023,52,P002,S01,Home Goods,North,40,15.75,17.62,10.57,2023-12-25,43.0,35.0,37.0,23.0,39.0,34.5,34.375,2.5396825396825395,282.0
2023,52,P001,S05,Clothing,Central,56,15.0,17.76,10.66,2023-12-25,83.0,30.0,57.0,41.0,56.5,52.75,42.375,3.7333333333333334,397.6000000000001
2023,52,P001,S04,Clothing,West,73,17.375,17.76,10.66,2023-12-25,66.0,14.0,42.0,36.0,40.0,39.5,35.0,4.201438848920863,518.3000000000001
2023,52,P001,S03,Clothing,East,82,11.625,17.76,10.66,2023-12-25,8.0,37.0,27.0,29.0,22.5,25.25,24.125,7.053763440860215,582.2000000000002
2023,52,P001,S02,Clothing,South,59,21.125,17.76,10.66,2023-12-25,22.0,32.0,25.0,27.0,27.0,26.5,34.25,2.7928994082840237,418.9000000000001
2023,52,P001,S01,Clothing,North,55,21.75,17.76,10.66,2023-12-25,8.0,33.0,23.0,8.0,20.5,18.0,25.25,2.528735632183908,390.50000000000006
2023,52,P005,S02,Electronics,South,130,18.625,30.26,18.15,2023-12-25,80.0,83.0,55.0,45.0,81.5,65.75,55.75,6.97986577181208,1574.3000000000004
2023,52,P010,S04,Electronics,West,466,70.875,61.28,36.77,2023-12-25,388.0,308.0,207.0,241.0,348.0,286.0,218.5,6.574955908289241,11421.66
2023,52,P005,S03,Electronics,East,173,27.875,30.26,18.15,2023-12-25,175.0,66.0,122.0,108.0,120.5,117.75,90.375,6.20627802690583,2095.0300000000007
2023,52,P006,S01,Clothing,North,52,13.75,40.8,24.48,2023-12-25,113.0,29.0,38.0,50.0,71.0,57.5,47.5,3.7818181818181817,848.6399999999999
2023,52,P010,S02,Electronics,South,290,67.375,61.28,36.77,2023-12-25,157.0,179.0,104.0,140.0,168.0,145.0,121.75,4.304267161410019,7107.9
2023,52,P010,S01,Electronics,North,121,23.375,61.28,36.77,2023-12-25,71.0,104.0,65.0,48.0,87.5,72.0,54.875,5.176470588235294,2965.7099999999996
2023,52,P009,S05,Toys,Central,533,97.375,54.09,32.46,2023-12-25,440.0,295.0,229.0,294.0,367.5,314.5,263.75,5.473684210526316,11528.79
2023,52,P009,S04,Toys,West,449,82.625,54.09,32.46,2023-12-25,364.0,234.0,223.0,216.0,299.0,259.25,219.5,5.4341906202723145,9711.87
2023,52,P009,S03,Toys,East,381,63.0,54.09,32.46,2023-12-25,271.0,221.0,169.0,136.0,246.0,199.25,156.5,6.0476190476190474,8241.03
2023,52,P009,S02,Toys,South,213,34.0,54.09,32.46,2023-12-25,173.0,157.0,126.0,124.0,165.0,145.0,106.5,6.264705882352941,4607.1900000000005
2023,52,P009,S01,Toys,North,95,37.625,54.09,32.46,2023-12-25,80.0,75.0,54.0,62.0,77.5,67.75,58.75,2.524916943521595,2054.8500000000004
2023,52,P008,S05,Food,Central,493,95.625,46.58,27.95,2023-12-25,357.0,298.0,170.0,299.0,327.5,281.0,228.875,5.155555555555556,9184.59
2023,52,P008,S04,Food,West,367,72.125,46.58,27.95,2023-12-25,351.0,271.0,216.0,170.0,311.0,252.0,186.625,5.088388214904679,6837.21
2023,52,P008,S03,Food,East,251,55.375,46.58,27.95,2023-12-25,200.0,139.0,130.0,173.0,169.5,160.5,134.125,4.532731376975169,4676.13
2023,52,P008,S02,Food,South,166,29.75,46.58,27.95,2023-12-25,211.0,110.0,104.0,127.0,160.5,138.0,101.875,5.579831932773109,3092.58
2023,52,P008,S01,Food,North,71,18.0,46.58,27.95,2023-12-25,86.0,89.0,100.0,63.0,87.5,84.5,74.75,3.9444444444444446,1322.73
2023,52,P007,S05,Home Goods,Central,486,82.375,54.37,32.62,2023-12-25,338.0,232.0,184.0,202.0,285.0,239.0,196.375,5.899848254931714,10570.5
2023,52,P007,S04,Home Goods,West,314,61.25,54.37,32.62,2023-12-25,243.0,218.0,144.0,217.0,230.5,205.5,159.875,5.126530612244898,6829.5
2023,52,P007,S03,Home Goods,East,216,41.25,54.37,32.62,2023-12-25,214.0,147.0,121.0,152.0,180.5,158.5,124.75,5.236363636363636,4698.0
2023,52,P007,S02,Home Goods,South,195,30.5,54.37,32.62,2023-12-25,97.0,77.0,80.0,55.0,87.0,77.25,71.625,6.39344262295082,4241.25
2023,52,P007,S01,Home Goods,North,94,29.125,54.37,32.62,2023-12-25,65.0,55.0,51.0,55.0,60.0,56.5,49.875,3.227467811158798,2044.5
2023,52,P006,S05,Clothing,Central,330,67.75,40.8,24.48,2023-12-25,350.0,232.0,169.0,202.0,291.0,238.25,184.0,4.870848708487085,5385.5999999999985
2023,52,P006,S04,Clothing,West,278,54.375,40.8,24.48,2023-12-25,219.0,220.0,80.0,120.0,219.5,159.75,137.5,5.11264367816092,4536.959999999999
2023,52,P006,S03,Clothing,East,234,39.25,40.8,24.48,2023-12-25,191.0,113.0,56.0,151.0,152.0,127.75,109.0,5.961783439490445,3818.879999999999
2023,52,P006,S02,Clothing,South,129,28.875,40.8,24.48,2023-12-25,106.0,142.0,71.0,74.0,124.0,98.25,77.875,4.467532467532467,2105.2799999999997
2023,52,P005,S04,Electronics,West,256,52.375,30.26,18.15,2023-12-25,189.0,163.0,100.0,169.0,176.0,155.25,126.625,4.88782816229117,3100.1600000000008
2023,52,P010,S05,Electronics,Central,581,103.875,61.28,36.77,2023-12-25,528.0,402.0,282.0,295.0,465.0,376.75,286.375,5.593261131167268,14240.31
